<?xml version="1.0" encoding="UTF-8"?>
<project-private xmlns="http://www.netbeans.org/ns/project-private/1">
    <data xmlns="http://www.netbeans.org/ns/make-project-private/1">
        <activeConfTypeElem>1</activeConfTypeElem>
        <activeConfIndexElem>0</activeConfIndexElem>
    </data>
    <editor-bookmarks xmlns="http://www.netbeans.org/ns/editor-bookmarks/2" lastBookmarkId="0"/>
    <open-files xmlns="http://www.netbeans.org/ns/projectui-open-files/2">
        <group>
            <file>file:/home/ruan/NetBeansProjects/Trabalho-Algoritmos/trabalho_Final_Vanessa/arvore234.h</file>
            <file>file:/home/ruan/NetBeansProjects/Trabalho-Algoritmos/trabalho_Final_Vanessa/io.h</file>
            <file>file:/home/ruan/NetBeansProjects/Trabalho-Algoritmos/trabalho_Final_Vanessa/arvoreRN.h</file>
            <file>file:/home/ruan/NetBeansProjects/Trabalho-Algoritmos/trabalho_Final_Vanessa/arvore234.c</file>
            <file>file:/home/ruan/NetBeansProjects/Trabalho-Algoritmos/trabalho_Final_Vanessa/main.c</file>
            <file>file:/home/ruan/NetBeansProjects/Trabalho-Algoritmos/trabalho_Final_Vanessa/IO.c</file>
            <file>file:/home/ruan/NetBeansProjects/Trabalho-Algoritmos/trabalho_Final_Vanessa/arvoreRN.c</file>
        </group>
    </open-files>
</project-private>
